Fitness,Label,Type,TrainDelta,TestDelta,TL,BL,IC
-0.0582,0,0,0,0,1.41199408171921,1.25758460700892,-12.9335518122319
0,1,0,0,0,0.273581207512009,0.96943831859612,-13.3889022951931
-0.1221,0,0,0,0,-0.122139229351054,0.702345349524959,-12.047713606713
-2.4634,0,0,0,0,2.46337824668174,-9.47369212691284,-7.24836154997231
-0.66,0,0,0,0,0.659990688210994,-3.46452525024057,4.087617624426
0.7635,1,0,0,0,-2.76134545087474,-7.3015872682865,16.5525401418942
0.814,1,0,0,0,2.81117674583124,3.17548284591758,7.0132132523946
2.894,1,0,0,0,4.89115428412317,6.8435514637392,0.666286708362946
0.3889,1,0,0,0,-6.96262597091936,-2.38671451424079,12.8407760576433
1.4027,1,0,0,0,-6.57271241314399,-3.40049437164334,18.6588794763703
-5.6703,0,0,0,0,6.12585193028434,-5.5562414003558,19.9909249077902
-0.5075,0,0,0,0,-8.72522605071295,-1.49033763827038,-3.82647391641254
0,1,0,0,0,-1.99414232232789,-7.76154712188212,-3.02756907049466
0.2737,1,0,0,0,2.27091765332248,9.76122571511085,-11.2039688464202
0.9205,1,0,0,0,-2.91837844179395,-4.67516241623746,-8.34007864139303
4.2344,1,0,0,0,-6.23220916978346,-9.54280752748765,-2.02383272206065
-5.1266,0,0,0,0,-5.12719613210594,7.37453089479763,1.14443069770483
6.2855,1,0,0,0,8.28270336283832,9.47860354117815,3.41703834649319
-7.6199,0,0,0,0,-7.62049234652641,8.53065177862689,3.74243089924632
-3.5077,0,0,0,0,7.67230609849536,-1.51048137824691,4.29029543536159
-8.4399,0,0,0,0,-8.58472835045397,8.49544862366396,5.68317664566803
-5.9541,0,0,0,0,-7.9100066420485,4.00450147378913,-4.1678268468667
3.7126,1,0,0,0,-8.30190498445855,-5.71042264897855,-10.0480440984641
-4.7475,0,0,0,0,-5.46693725077184,4.06008782036248,10.1661034087131
0,1,0,0,0,0.945732677273085,1.06966839868505,5.22291166812169
0.6884,1,0,0,0,9.70913901029498,2.68556405965236,4.01822450123282
-0.5805,0,0,0,0,8.18373914160151,1.41673267764462,-6.58320315011747
-3.1987,0,0,0,0,9.14278316621798,-1.20153755439695,4.06170374062704
1.5784,1,0,0,0,4.40524723141047,3.57556683342926,-11.4896395958719
2.5126,1,0,0,0,-8.3675324990867,-4.51041184228802,14.7007354586586
-0.9344,0,0,0,0,1.18714134794912,-0.707444579453597,-2.78796396878386
1.0812,1,0,0,0,5.47971840040828,3.07840842561583,6.30917086666113
-0.6454,0,0,0,0,-6.77958190830525,-1.35246346112656,0.203443374220875
-1.0483,0,0,0,0,-2.49335438140086,-0.392555438282653,-6.30314388931567
-3.9046,0,0,0,0,5.54292880280147,-2.32112275220386,8.46225707964927
-0.3813,0,0,0,0,-0.381331852160978,4.58360444243143,17.5023695585363
0,1,0,0,0,0.345088051018465,8.06137497253335,-11.2722943147635
-7.0089,0,0,0,0,7.4643868034581,-8.34614136138293,-1.38386333717227
-7.7079,0,0,0,0,-9.56140354384043,6.16561100071097,-12.8316199683507
4.3701,1,0,0,0,-6.69215506292099,-6.36793065675789,7.6574625324483
2.0401,1,0,0,0,-5.72472961544089,-4.03790280453586,10.7334058823898
0,1,0,0,0,0.0230018929203872,8.18929613014558,-17.6858838764825
-1.265,0,0,0,0,-1.2649614351421,1.44509491142331,2.60268639108714
-6.0208,0,0,0,0,6.47633134452717,-7.47802345034837,-7.99532889864961
-9.39803721670154,0,0,0,0,-9.95755950333579,9.02214715780545,10.6519745332799
-4.95893518861378,0,0,0,0,5.026083243763,-7.22270325718131,-6.02721829429498
-1.9322,0,0,0,0,-6.97318879005044,-0.0655864348415136,12.3460901164876
0.6602,1,0,0,0,2.65737586882293,3.76802995385696,5.58280871421027
2.5892,1,0,0,0,4.58643452487135,7.19691416170739,5.07821517658294
-3.464,0,0,0,0,-6.38817254181223,1.46613092665157,-13.4573537446379
-7.6655,0,0,0,0,8.12103471151021,-8.45314429733359,-6.45861399433296
-1.0473,0,0,0,0,1.61235094794266,-0.495296850154464,12.2128194490213
-0.6156,0,0,0,0,0.615562819496114,-5.45379336715425,8.37939900785925
-5.0861,0,0,0,0,-7.027348935903,3.16232362446768,5.35930191560371
3.416,1,0,0,0,-5.41387497068457,-6.35543969454596,-13.345899690542
3.9472,1,0,0,0,-7.00785816762518,-5.94505204514805,18.1983560725509
-9.2142108055364,0,0,0,0,-9.6818332238103,9.15028700342366,-18.9723085851909
-6.0163,0,0,0,0,9.42221326191418,-4.04808646483054,1.00292316877701
5.2496,1,0,0,0,7.24678422958649,7.92809806929823,-12.4395777835536
1.2172,1,0,0,0,3.21439114896071,8.82461875746971,19.0282850268253
4.4242,1,0,0,0,-7.84129493964513,-6.42201543955474,9.86205708528145
6.5765,1,0,0,0,-9.010629549361,-8.57430236072932,-0.434979217146882
5.0007,1,0,0,0,6.99787642479273,9.94082887755999,-19.824295496713
0,1,0,0,0,0.852149281181578,7.22696352833129,16.3655609788025
4.9098,1,0,0,0,6.90701124555225,7.57745769277047,9.84728950630976
-2.1783,0,0,0,0,-7.65021239602186,0.180445136729885,-13.2467294416246
4.625,1,0,0,0,6.62223006391613,8.56021713477477,-13.2206228462391
-4.2399,0,0,0,0,7.67474640090419,-2.24274210741771,-4.69722159097593
-4.5703,0,0,0,0,-4.57094152065962,7.35766285670308,9.66009828843561
-1.0425,0,0,0,0,-1.04254539744707,4.19277715661438,17.7732513160807
3.1102,1,0,0,0,-6.51764253056732,-5.10807432071349,5.63716497581052
4.1751,1,0,0,0,6.17225019798089,7.06742012906262,-4.0752941231695
5.6923,1,0,0,0,-7.69012382504582,-8.39438096454011,-5.58129519681771
-6.1226,0,0,0,0,6.57811099280402,-5.70780587446717,11.641612956267
-3.0938,0,0,0,0,3.09376628352755,-9.47707103876402,11.431051435911
-2.1509,0,0,0,0,8.45126090545978,-0.153737380485868,13.3604662047556
-6.2774,0,0,0,0,-7.37292629313301,5.19566942365039,17.02944722691
-5.7302,0,0,0,0,6.65415148804452,-4.81197678294929,-11.4791293055164
-0.4463,0,0,0,0,0.446295633676531,-2.05285798349915,-0.835608697856387
0.0924,1,0,0,0,9.87807279157094,2.08956915558825,17.7963458530911
0,1,0,0,0,-0.191155697230194,-1.24106880455463,10.9062228955544
-2.9949,0,0,0,0,4.88133134596673,-1.14191864978002,-17.8799978995983
-7.0706,0,0,0,0,-8.24356311685167,5.95971915355237,6.22329491844776
-3.1392,0,0,0,0,-9.35328893107163,1.14133659362383,8.79206219568762
3.6692,1,0,0,0,-7.79183902086083,-5.66705247439443,12.4408086246584
-7.2261,0,0,0,0,-7.22676234261465,7.63798401466184,16.9422424676122
0.459,1,0,0,0,-9.74488874327717,-2.45681493914011,-13.2875324408961
-0.8045,0,0,0,0,0.804455914897195,-7.96675130144341,-18.4292901644102
6.6674,1,0,0,0,8.66458223547091,9.43183765728434,-5.56287919809644
-2.8841,0,0,0,0,2.88410807533493,-8.64105395812635,-11.6835201433747
-1.385,0,0,0,0,-9.20792306448529,-0.612813735522941,-13.9961310934947
-3.456,0,0,0,0,9.8261384236838,-1.4587530448061,18.2148841188408
-0.3794,0,0,0,0,4.48494067040168,1.61783424727547,1.61031629683121
-4.1088,0,0,0,0,4.10882383128162,-9.89942233397758,11.3006311534497
-8.0817,0,0,0,0,8.53719146771018,-9.83408685214721,12.9851337066558
3.3495,1,0,0,0,5.3467173605576,9.94273790697371,-10.8938771176712
0.8428,1,0,0,0,8.39084412388929,2.83998611043561,-15.7871926809634
-4.6361,0,0,0,0,-4.63678172576634,5.27687529079168,12.2204062230216
-1.393,0,0,0,0,-7.91494004796165,-0.604824474143131,-11.2375243643531
-5.5907,0,0,0,0,8.45415813085447,-3.59354735967703,14.3017523512313
-4.8024,0,0,0,0,-4.80306664689756,7.56125885413235,-12.4692953268308
-5.0675,0,0,0,0,5.18387674699637,-9.36621399775586,5.69356628331858
-1.3374,0,0,0,0,1.33741825521291,-2.47180909099867,-11.4980648224053
-5.3876,0,0,0,0,5.84313679065178,-7.09113039750778,-0.434301984373768
4.2699,1,0,0,0,-9.74308506252475,-6.2677595037561,-0.590781722009197
-6.309,0,0,0,0,6.76452153400591,-7.1788606280108,9.28867949647
-3.8213,0,0,0,0,3.82133831966853,-9.31014760430735,-0.445709455661603
-8.5759,0,0,0,0,9.42780820313018,-7.75097241298604,9.72855096803269
-0.1135,0,0,0,0,2.77082742678841,1.88365825939887,-0.0550994905499991
-1.3571,0,0,0,0,1.35705318575576,-1.46991497327291,-16.9504223058468
-2.6897,0,0,0,0,-4.18826693084142,1.22670094645589,5.3333387328688
6.6183,1,0,0,0,8.61551718096247,9.55538315404468,-16.2561381597619
0.0583,1,0,0,0,3.23469888835887,2.05545798970878,-1.04728547116293
-1.1889,0,0,0,0,-2.87487315007447,-0.488431167335591,6.84088073133392
-8.6738,0,0,0,0,9.1929039398759,-8.21831468987179,11.9096983938821
0,1,0,0,0,1.81551492281773,8.24393508504153,-15.9548272444952
2.1363,1,0,0,0,-4.13410714065737,-8.96823589232133,0.165127223913469
-4.8326,0,0,0,0,5.36751503797355,-4.34029247571783,-10.9855901682257
-1.0629,0,0,0,0,-3.37420714748822,-0.934972971835144,9.49538552725201
-0.1977,0,0,0,0,0.197713094062946,-2.34971616293205,16.2193286738891
0.5681,1,0,0,0,9.30515497939453,2.5653470510491,-14.7187531978037
-2.3486,0,0,0,0,2.36603556657307,-2.33959791870594,19.647749902752
-4.1854,0,0,0,0,-4.26345430481575,4.12382859178728,1.4082359002178
-4.9616,0,0,0,0,-6.13577922815799,3.78870201848341,-17.9817998732531
4.3135,1,0,0,0,-6.31131768601292,-9.08683353045234,15.40166008165
-6.3404,0,0,0,0,6.79588771596227,-7.63689509692636,-3.58340585208652
-3.4397,0,0,0,0,-7.595428200187,1.44185044521446,17.9756053851661
-4.8717,0,0,0,0,-4.8722968040624,9.79730870302633,-6.00767835822515
-4.5706,0,0,0,0,-5.8295525221314,3.31654320089606,18.9337882688348
-2.454,0,0,0,0,2.45399643077036,-8.72924214885263,-5.05961867034779
3.3766,1,0,0,0,-6.67496929126903,-5.37443843788443,-17.9116546682459
3.8686,1,0,0,0,8.03512633427027,5.86583399802651,-5.07942700621419
3.0795,1,0,0,0,6.64109410753084,5.07669113179547,4.87452389047145
0.1203,1,0,0,0,-2.11813638301699,-2.81444077099576,-16.4459015643087
-2.0552,0,0,0,0,-3.16645992720705,0.973411881347328,-1.57810155644856
-1.3131,0,0,0,0,2.9090474687118,0.270416825350289,12.5770587425311
-1.2721,0,0,0,0,-8.05633588026007,-0.725728787089777,3.59269958418972
-4.2244,0,0,0,0,-6.25655858920323,2.22660293275903,-17.9223207452662
0,1,0,0,0,1.51453896907443,6.84689403657546,-0.0109610551462183
0,1,0,0,0,-1.21950224681572,-7.01885833508624,-18.8688219641683
3.1362,1,0,0,0,5.13339575968695,5.92212471885681,-8.25777622330238
0.5003,1,0,0,0,-7.69586507963938,-2.49816738024028,13.1557498022708
1.3076,1,0,0,0,6.83553163909523,3.30476903115597,18.4055990354502
-8.2879,0,0,0,0,8.86235784421406,-7.74601015238545,5.93149796902343
0,1,0,0,0,-0.38391896641121,-8.66958616101755,15.9108490212801
-0.0554,0,0,0,0,-0.0553974212601744,5.42606857717261,-17.5855108230412
-3.8765,0,0,0,0,-4.75085070191942,3.02138737404958,-14.655843582009
-2.5281,0,0,0,0,2.77091473649572,-2.30113810064252,10.627925026988
-2.69,0,0,0,0,3.05831364312271,-2.37021869434967,-7.99925669038249
-3.1966,0,0,0,0,-3.19720888986467,8.37853073424834,-1.74932746787043
-0.1164,0,0,0,0,-1.15006094803754,-0.916283607689554,17.8112803674656
-5.617,0,0,0,0,-5.6176209489965,7.64805591863468,-19.2049830870116
-3.1641,0,0,0,0,-3.16470233525379,5.3205489138883,-6.28785193922429
-1.6562,0,0,0,0,2.3761280830881,-0.939576758162087,-19.5934958948834
0,1,0,0,0,1.98162334940974,2.03136696716944,5.97669803845465
-1.4955,0,0,0,0,-3.14558734835559,-0.134014888502305,8.07095781014121
-7.3005,0,0,0,0,7.7560520285898,-8.89884307687631,-16.0655219781708
0.9985,1,0,0,0,2.99565570945524,5.28141782472655,19.5183576639136
0.7126,1,0,0,0,-7.49350417168813,-2.710456495948,7.04920361129011
-2.4842,0,0,0,0,-2.48483657565017,7.26916982934218,-8.32092996055882
-5.381,0,0,0,0,-7.33050018831407,3.45301028854859,-11.8966007651229
3.0259,1,0,0,0,7.37030396402184,5.02314643799219,-3.22481400028124
5.0129,1,0,0,0,-9.99537869601166,-7.01072535264593,-9.04662793822927
0.0278,1,0,0,0,7.4485003792576,2.02502287823624,-7.1524618867494
-0.7041,0,0,0,0,-4.31413851087376,-1.29368388431585,16.1503620472792
-1.8913,0,0,0,0,8.50211289974019,0.105849044116624,5.1032723708012
-4.3853,0,0,0,0,4.38527853644821,-9.5217423728069,2.99730007987599
-0.4485,0,0,0,0,-9.06931071871923,-1.54937223463034,-1.29062954832026
6.7007,1,0,0,0,-9.54744026488187,-8.69851915070707,16.9582534290058
-0.6829,0,0,0,0,0.682857278885402,-2.66407062005249,-5.44215281837023
4.9747,1,0,0,0,-6.97252668347098,-7.00782802734668,-5.96791633451425
-3.28,0,0,0,0,-3.28067808662877,5.68055692537432,-0.530431534959298
0,1,0,0,0,-0.704039742524682,-7.37494896806419,15.4556588355318
1.4939,1,0,0,0,3.49114851257534,6.70319276046072,6.25951739501729
7.5986,1,0,0,0,9.67833952992951,9.59579743782569,-9.99387945608085
0.4942,1,0,0,0,2.49141407084381,4.56484846307075,-0.073187389307666
-6.541,0,0,0,0,6.99656589918547,-6.18163592756226,-15.0342485111133
4.9431,1,0,0,0,-9.94419157341776,-6.94094420036314,1.36643298573673
-0.2127,0,0,0,0,0.212672102729565,-2.29568240240461,-7.57614185134349
-7.8472,0,0,0,0,-9.92889105093579,6.30484890627342,5.53673832665433
0,1,0,0,0,-1.03321238596161,-5.11828459476185,12.1354034398762
4.4822,1,0,0,0,6.47941774456145,7.04381298797272,-1.3099297826599
4.8277,1,0,0,0,9.4139794635224,6.82488030044577,-16.8580717458195
-5.2474,0,0,0,0,-5.24802224655827,6.35141762537405,-3.76685140774963
-0.6738,0,0,0,0,-0.673755587247516,9.0307243616317,18.6002122337423
-0.5065,0,0,0,0,5.30569733551643,1.49067180347994,16.6370010180089
0,1,0,0,0,-0.0913518241928042,-6.67975245839414,-6.96009320113305
-2.6154,0,0,0,0,-4.07127787980549,1.16596983061812,-17.3009278779564
4.6665,1,0,0,0,-8.62044307578283,-6.66430835373274,17.8975305051489
2.2119,1,0,0,0,6.22176835242163,4.20911385960976,18.8098224671007
7.7519,1,0,0,0,9.96853578683742,9.74909613498084,-13.9965368792444
-1.388,0,0,0,0,9.16957608906243,0.609180984688408,-17.0365393044034
-3.763,0,0,0,0,-3.76358192168548,7.90341559991213,13.3907324633089
-4.802,0,0,0,0,-9.95302488640503,2.8041969232982,12.1273030034974
3.0996,1,0,0,0,-5.09738489631607,-8.71755536468215,-9.47406722584896
-1.6722,0,0,0,0,-7.94559277474217,-0.325619503321779,-3.24462149395121
-2.3736,0,0,0,0,-2.37421983945326,7.73530230024814,-3.17769940650431
2.3252,1,0,0,0,-4.32304261965699,-9.03637711978594,-11.2333606978247
3.2186,1,0,0,0,-5.2164797182604,-9.4148302592554,8.09243673434546
-4.2162,0,0,0,0,-9.84728890455208,2.21841360558709,-3.67641850195312
-4.0311,0,0,0,0,-5.02106650373288,3.04919448291802,-7.18891646520154
-2.7091,0,0,0,0,-7.9265575100833,0.711297890252968,-13.4051903009187
1.3319,1,0,0,0,7.66877404707448,3.32914024096186,13.9096996765743
3.256,1,0,0,0,5.25322127442253,6.14027549239702,5.31809774621005
1.7761,1,0,0,0,4.20854615727416,3.77327078235562,-7.16208555451477
0,1,0,0,0,0.632969890015485,7.46387915219679,-17.8184130436081
-0.008,0,0,0,0,0.00801551030362191,-1.34473570943278,16.1712996653285
0.6065,1,0,0,0,2.60366702853355,9.66072444153912,3.40801358090188
-2.6209,0,0,0,0,6.81273035190498,-0.623724388406746,1.80889318775363
-4.5483,0,0,0,0,-6.4179175811684,2.68923393540881,18.5183510147352
-0.5241,0,0,0,0,0.68027502903462,-0.407714954232038,11.7466433210374
-7.8808,0,0,0,0,-8.1457256227141,7.61599085722684,-19.8450585794605
0,1,0,0,0,0.230581843988517,3.56927268641592,2.6299058737579
0,1,0,0,0,-0.430827065096061,-3.58974311703923,4.06319193832939
1.6532,1,0,0,0,8.26305484745004,3.65035633434219,17.869338844615
-2.2184,0,0,0,0,-8.0182198272467,0.220578483167088,-15.5948663926876
0,1,0,0,0,0.905237546611136,3.77571797945669,-14.1033204664732
-3.7591,0,0,0,0,5.55122075216039,-2.0189753378644,15.9319979271471
1.8613,1,0,0,0,-3.8591225214886,-8.77897707528562,-11.2211542220038
-8.25869400231517,0,0,0,0,-8.34334125935188,9.00790670263811,-19.3451735657326
5.7088,1,0,0,0,-7.70663133634317,-9.75180108061006,-11.3509068289507
-4.8468,0,0,0,0,-9.77144942371838,2.8489853116018,0.679637581264313
3.0913,1,0,0,0,-5.08915711225404,-6.12505319893252,-16.3651768740792
0.6333,1,0,0,0,-2.63116669231955,-9.84414178725051,4.1080527686325
0,1,0,0,0,-0.422905118978772,-3.83764622340424,9.77777790510515
-5.7631,0,0,0,0,6.7869855513755,-4.75136159540241,0.569522452882921
0,1,0,0,0,-1.064517448148,-3.17577708864524,13.5656722055954
0.5321,1,0,0,0,9.64985003011957,2.52929002146664,-12.7489931757869
-3.5972,0,0,0,0,-7.53965966285093,1.59937419279935,-6.8585678628841
-2.8199,0,0,0,0,-4.63627254664281,1.00478207617014,-12.7793241530839
-3.5698,0,0,0,0,3.56983738829764,-8.8862301948636,-18.6377126207514
2.2718,1,0,0,0,-4.26963090463975,-8.45219905934149,16.0228916102211
-4.0832,0,0,0,0,6.93211894138422,-2.08603054835744,-13.2313893874126
0,1,0,0,0,-1.3909537333508,-1.6756372623438,9.15053933023589
-1.8705,0,0,0,0,-1.87052642170417,9.03614914105101,16.4794008365933
-5.0772,0,0,0,0,9.0282863302152,-3.07997594422271,-8.39023164865774
-6.7234,0,0,0,0,7.7340152567915,-5.79938406585944,-14.7649380895953
0,1,0,0,0,0.41031774650466,8.10925499461607,-3.89879057611935
3.6869,1,0,0,0,-5.68477495654974,-8.42521033506731,17.3223944706054
-2.0574,0,0,0,0,2.05743121944595,-2.45015653569941,6.59725764800031
-4.552,0,0,0,0,5.84380528888326,-3.33015740246002,7.70635457335201
-5.9231,0,0,0,0,-5.92368645668934,9.17427191779782,8.47329825620657
-0.8534,0,0,0,0,-6.66186815751249,-1.14445653755582,5.31974273449389
-1.4106,0,0,0,0,8.59934343184417,0.586619387957761,5.05897695792131
1.6192,1,0,0,0,3.6163784545593,8.46395046316192,-13.8866343099017
0,1,0,0,0,-1.88558412570944,-3.75048002314443,7.75595833479974
-2.1838,0,0,0,0,7.81375746797096,-0.186580674267997,12.2329403766744
-2.2172,0,0,0,0,-3.47122181377245,0.997582902514477,-4.44862660437716
1.5252,1,0,0,0,7.93658014528762,3.52240162010662,13.1358779332318
2.4176,1,0,0,0,-7.79822304533656,-4.41545330887198,10.7054466278987
3.681,1,0,0,0,-5.67886807867182,-9.31875743656451,-2.53792409030777
-6.5551,0,0,0,0,8.73727420817267,-4.75822074382436,2.78981999369156
0.8111,1,0,0,0,-2.80893910188086,-9.46322742075488,0.0167676903088534
-5.6453,0,0,0,0,6.54029815160018,-4.82035158957402,-18.1645997345092
-4.0969,0,0,0,0,-5.07056791804079,3.21464289258096,-6.82361235532141
-3.1899,0,0,0,0,3.18992495134449,-9.73991751465544,8.72271426709302
0.1798,1,0,0,0,-2.17762375730472,-9.32989480674992,-3.75938389997326
2.329,1,0,0,0,4.32615273602358,8.42672829563707,19.3606297301795
5.9289,1,0,0,0,9.66841745646792,7.92612185972122,14.628128384516
-0.8976,0,0,0,0,6.01921944434837,1.09957702975098,-3.24511409933751
-5.0902,0,0,0,0,-7.45754986815957,3.09241486167802,14.558596482405
-4.5074,0,0,0,0,-4.50803130262035,6.80327874778775,-17.1697902292261
0.4263,1,0,0,0,-2.42415849876043,-4.63661132336061,-13.8831528486101
-2.62,0,0,0,0,2.6199915984522,-3.67250367521561,18.3644741011961
-0.0265,0,0,0,0,-0.0265202151597581,4.77217033450841,-19.4897732443091
-0.2679,0,0,0,0,2.10706377032929,1.52902642912496,12.2951528361334
1.1022,1,0,0,0,3.09936123037169,7.56456790270988,16.0949170176865
4.1506,1,0,0,0,-6.95534286654844,-6.14839826386949,11.6390259456591
0.2056,1,0,0,0,-8.78589791552069,-2.20345615093089,-8.00136582954254
-4.6836,0,0,0,0,4.68359813151828,-7.91581492485378,11.7030195021661
-1.3492,0,0,0,0,5.65457885503766,0.647953864374944,-9.86590632714995
-4.5139,0,0,0,0,-8.58090829976692,2.5160666234208,-19.01274119484
5.4099,1,0,0,0,-8.75915014980942,-7.40776035443369,-1.97543710850256
1.4495,1,0,0,0,3.44671687845157,7.12221666956231,-0.0621830298163459
1.7255,1,0,0,0,-9.02430991927744,-3.72335280254416,5.66524670882075
-4.9445,0,0,0,0,5.72773287229152,-4.21699013647603,-0.0852795725180471
-0.0946,0,0,0,0,6.36869231953903,1.9025658505845,1.456984356728
-0.2316,0,0,0,0,-3.38253718760119,-1.76619547497174,11.7602496274891
-1.1863,0,0,0,0,-3.13583558981294,-0.747865280653645,-5.28705328801341
-0.6416,0,0,0,0,3.59141239208511,1.35558063741372,6.07107384522171
0,1,0,0,0,-0.17772503384438,-2.03083530176388,-0.900631640080562
-0.2184,0,0,0,0,-8.66824754096789,-1.77943025632788,18.763678338179
2.5832,1,0,0,0,5.61442061780722,4.58035777365989,10.6260246403467
3.1344,1,0,0,0,5.13161607725641,6.86540634090338,10.8062739980733
-8.5977,0,0,0,0,9.57321857463138,-7.77281114892285,-4.15692235162173
0,1,0,0,0,-0.158786983209371,-4.83810763430331,-18.521351147653
2.5313,1,0,0,0,9.48762646067406,4.52851958044059,-14.0814067845696
-5.5594,0,0,0,0,-7.04210885256803,4.09648198213376,-4.76025910389927
-0.2146,0,0,0,0,-8.47177111668194,-1.78319313934735,-14.2803778364342
3.9812,1,0,0,0,5.97840241061227,8.60496326276088,-19.8112208849276
1.0036,1,0,0,0,3.00081162845427,3.5706492210498,-9.85508632842845
-5.4528,0,0,0,0,6.86361825741774,-4.12082451572316,-18.9255846338958
-7.0395,0,0,0,0,-8.13385674206406,5.95769944584994,8.45610504883533
0.4813,1,0,0,0,5.66813567684513,2.47845288041392,13.0166184029477
-0.1073,0,0,0,0,-9.29954829822175,-1.89050055413461,-10.0132497886597
-0.3821,0,0,0,0,-0.382063167157327,7.61678254919475,-8.77260729618937
-1.9829,0,0,0,0,1.98285018617187,-9.4754772270478,-13.792053349255
-6.2227,0,0,0,0,6.67821741432712,-6.10213265500209,13.191521404163
-3.2379,0,0,0,0,-3.23850281941076,3.4223309906196,-17.9053472374904
-2.0076,0,0,0,0,4.68618132770311,-0.0103644435908699,17.731997498415
0.471,1,0,0,0,-4.20455167264871,-2.46879146014232,-15.449785533963
-3.347,0,0,0,0,9.29701414537709,-1.3497686557516,-16.6174719602747
-1.8615,0,0,0,0,4.33352825185962,0.135747590697651,-6.87649035005006
3.0733,1,0,0,0,5.07048282188295,6.72011649206708,-9.85134590892393
-0.6885,0,0,0,0,0.688500335806392,-1.29669534071685,-13.6918341721768
0.0124,1,0,0,0,2.00962407343679,8.74901520064806,-15.6896568489959
-0.9879,0,0,0,0,7.9996286945775,1.00929982380938,-2.90573252714931
3.0512,1,0,0,0,-6.95238339274464,-5.04907994973071,-2.10524825185443
-0.6557,0,0,0,0,0.655668753938974,-2.90697731402855,10.9245924908951
2.6846,1,0,0,0,7.63362284900814,4.68184186952253,-3.7427117455966
0.0864,1,0,0,0,2.08357491204136,2.82210103320175,-14.901326559385
0,1,0,0,0,-0.0761600610813709,-3.79061288985996,3.14297855539079
-3.4584,0,0,0,0,8.87217874077682,-1.4612078144728,-18.6748623531964
6.5024,1,0,0,0,8.58867757571932,8.49964502665836,-5.66772321782747
-4.7996,0,0,0,0,-4.80021767355056,5.73719291207102,0.46328973521338
0,1,0,0,0,1.25054306779812,3.69587528287055,-16.3041361860923
5.4544,1,0,0,0,7.4515793407889,8.85875760439409,-16.1362305359234
4.9205,1,0,0,0,6.91765010442855,8.18791229712047,-19.5463543776096
0,1,0,0,0,0.47365407490908,3.00690547317888,-4.59418597176267
0.9888,1,0,0,0,2.9860409891478,5.25706959504689,3.02743925532727
-2.6384,0,0,0,0,2.63838297424467,-4.43591992225802,13.5934569119924
-1.4633,0,0,0,0,-1.46330087521852,2.63244756699326,13.3386792608307
-0.0138,0,0,0,0,-4.5962907277088,-1.98398527655446,2.17018369654615
0,1,0,0,0,-1.12269286334761,-8.19231755942778,9.77525239948294
-0.5927,0,0,0,0,-9.34769101394194,-1.40514913133957,-18.5095088210391
-1.5504,0,0,0,0,9.5159550607222,0.446798160261785,16.3851991439126
-2.3344,0,0,0,0,-2.33504157319971,7.68904473809565,-9.79929562675387
5.894,1,0,0,0,8.18099683885603,7.89120889502511,-4.05931356037687
-0.5641,0,0,0,0,2.50040003672015,1.35194572371683,15.7804754177999
3.7189,1,0,0,0,-5.71668392264212,-9.92281682278559,15.2232584412684
3.1049,1,0,0,0,-5.29756729918976,-5.10270755305844,5.63668140558956
-3.9089,0,0,0,0,-3.90951037583064,6.51241623777626,15.3475484378904
-4.1813,0,0,0,0,8.90745915970917,-2.18409323190759,12.0528025884666
-4.5011,0,0,0,0,-6.85773424045064,2.50330793559808,7.95941411038618
-2.6214,0,0,0,0,-8.2826213375913,0.6235914557688,15.5426608856227
2.7288,1,0,0,0,-4.72667983620748,-5.3042894939134,13.5862891089695
0,1,0,0,0,-0.089199405481251,-6.95267267174189,-10.7692737676201
-0.7382,0,0,0,0,3.15907914169396,1.25896762480151,-8.3268504940461
0.4489,1,0,0,0,2.44609969430248,4.31810816584756,-8.77075863679204
0,1,0,0,0,-1.7545368290185,-2.75588573171742,11.2556808801011
-7.2896,0,0,0,0,-7.29025697396038,8.04139029099339,-8.41455656487441
-0.0088,0,0,0,0,-0.00884147780396916,5.67180776356046,7.08248250790423
-5.4615,0,0,0,0,-7.00376539962201,3.93238959235823,-14.8394782750902
5.731,1,0,0,0,8.91892574831429,7.72823698485731,0.600184517496785
1.591,1,0,0,0,3.58817491863271,9.53586715667264,-14.9815857343988
3.0477,1,0,0,0,5.04486102492807,6.54103818912316,11.2572130764098
-0.5707,0,0,0,0,-6.18234666483552,-1.42717318792045,-19.4217301153483
1.4965,1,0,0,0,-3.49429022560608,-7.30595942747259,-1.97930151663915
0,1,0,0,0,1.44549860357154,5.84046563966355,-3.21053560087785
0,1,0,0,0,0.650730886819112,8.51408784056032,15.9632735096873
0,1,0,0,0,0.896667969374839,8.02247900340737,-17.9269316438397
-4.7128,0,0,0,0,6.17205037360214,-3.30190841244627,-10.852675310053
-4.7206,0,0,0,0,6.44803615291474,-3.03530842013147,-13.3811761852707
-9.03622382255345,0,0,0,0,-9.43732863983486,9.10739530555113,7.21162846822402
5.214,1,0,0,0,7.21124229449328,8.78187030704868,7.20775857792207
-6.599,0,0,0,0,8.34847496894868,-4.86616658197684,15.4247253771608
-5.9864,0,0,0,0,8.40085580236364,-3.99873119926635,-17.0643621322483
-5.13238392113033,0,0,0,0,5.34797469920275,-8.30095568269972,9.15056318370687
-1.0422,0,0,0,0,-1.0422071282458,3.02497326433865,-13.2199251754022
0,1,0,0,0,0.628984827191605,2.6760171638792,-19.4361598326923
-0.5926,0,0,0,0,-0.59257329537995,7.72651942336212,-15.4388625728772
-1.1492,0,0,0,0,-1.14917696699641,3.19095776323105,-8.20908118929261
1.8885,1,0,0,0,9.007368030298,3.88572495131111,-11.7277389191634
0,1,0,0,0,1.09524651913478,7.58556969023837,2.31430762879184
3.0495,1,0,0,0,5.04668120302823,7.89801584459016,13.6737669225956
4.2191,1,0,0,0,-7.38286634708104,-6.21692132296023,-13.8544067642977
7.4241,1,0,0,0,-9.42195868669801,-9.81830203016372,3.85806967888149
0.1838,1,0,0,0,2.18098648767615,8.37846864021105,9.34297773492489
-1.9093,0,0,0,0,-3.97706095798303,-0.0885104193914099,-9.67347906006476
-4.6571,0,0,0,0,4.65708727753105,-7.66478497916969,9.84166253030406
2.9075,1,0,0,0,6.19578214188383,4.90467362423324,-6.51426743546494
-1.1516,0,0,0,0,1.68649960872675,-0.620957900881214,-16.5093986215972
1.7217,1,0,0,0,6.57434852320145,3.71889416877689,-9.30699779616982
-7.6424,0,0,0,0,9.38967129184906,-6.32451594668329,-8.00236308220408
0,1,0,0,0,-1.77630218622275,-5.27021625769159,-12.1977870927566
-4.1076,0,0,0,0,4.1075855929183,-6.38903492668315,0.893316716874189
-1.2535,0,0,0,0,-4.07656353427988,-0.744362234313122,17.0092966671712
3.6844,1,0,0,0,-5.68221715407949,-9.97982242985975,16.2642497246737
-1.64,0,0,0,0,3.60083891256597,0.299036106939072,0.882755244762837
-7.9314,0,0,0,0,-7.94162841557083,9.9376097637675,-5.64124722501978
-2.3138,0,0,0,0,2.50485197560422,-2.13266957549411,-19.6935021799838
-0.3527,0,0,0,0,0.905698680642015,0.182207488931681,-10.128843187144
-7.9192,0,0,0,0,-9.09209450676721,6.8345948952202,-18.0700032957747
-3.673,0,0,0,0,-3.67359005005707,5.66838860878558,18.8960023884898
0,1,0,0,0,1.72928161478056,5.56087698563236,9.10789774769523
1.0225,1,0,0,0,3.01973594252756,3.29230040299835,17.5511920208106
-0.7016,0,0,0,0,0.70162531435561,-2.03119763179795,6.81830645823798
0,1,0,0,0,-1.18931056447126,-7.3425211044388,-2.43185008232871
-0.9529,0,0,0,0,0.952854845465524,-2.09727248309177,-4.06912021899482
-1.5502,0,0,0,0,5.02697302251773,0.447006921091507,-0.382678653950105
2.9851,1,0,0,0,-8.22642130915046,-4.98296733814372,-2.09763908879905
0.762,1,0,0,0,2.75921792163436,4.18890583007891,19.7047923712567
-8.1884,0,0,0,0,8.643897401852,-8.15541007222303,18.1415989131784
-6.7435,0,0,0,0,-6.74408682364997,9.40910174543653,3.88026661071488
3.1976,1,0,0,0,-5.19545761752574,-8.59409677044491,-7.99835139564105
-5.8154,0,0,0,0,6.27089647793974,-8.46580251598369,-5.82107618243807
4.8386,1,0,0,0,-7.35978251182049,-6.83640739330813,-17.5141179353053
-4.0369,0,0,0,0,4.03686957784648,-8.27036605841067,4.67148958248957
-4.7697,0,0,0,0,-6.52456833550793,3.02802129477095,-0.0521437606754205
-4.3092,0,0,0,0,-4.30978622865815,6.61119477470609,12.7343952993336
-8.3079,0,0,0,0,8.76338807507008,-9.99347807319762,5.61556898535047
5.8737,1,0,0,0,-9.85288614447028,-7.87157786614772,-15.7282234698019
0.66,1,0,0,0,-2.65781912291601,-5.20784598826578,-6.15439193210193
0.2609,1,0,0,0,-5.00760329199544,-2.25871371712174,-3.15846518265786
0.8043,1,0,0,0,2.80154578290852,5.75105945913217,-9.20022305517334
2.8122,1,0,0,0,6.8796472145182,4.80936760443742,13.0440779565594
4.3583,1,0,0,0,-6.35615505250152,-8.69127634488702,4.41401048451772
-4.0311,0,0,0,0,4.03105618550087,-7.76764574493584,-16.1670507011961
0,1,0,0,0,1.95667544641557,6.24465220710069,12.5831269614528
-6.3964,0,0,0,0,-8.21126069713203,4.62557410651492,16.1542630489616
0,1,0,0,0,-0.955364255690032,-8.58624647282762,-10.3488737972999
-4.6373,0,0,0,0,4.63730119647393,-9.19016768681658,-3.01908948573611
0,1,0,0,0,0.804301740858129,9.07655675788172,-11.6437703204229
-4.9222,0,0,0,0,-7.67335807551197,2.92440135785586,-15.663556408599
-6.766,0,0,0,0,9.66993848433158,-5.03311923107916,4.2542288052854
4.3367,1,0,0,0,6.33390545561342,6.60108425213761,-0.438426701952537
3.2174,1,0,0,0,5.2145651223616,8.30215870697571,16.0389982505743
-2.9391,0,0,0,0,-5.71524979852879,0.941222119564124,11.3883792398244
-5.5242,0,0,0,0,-6.11117811495537,4.93778303995003,-0.977671022345636
-1.6652,0,0,0,0,1.66517162455408,-4.78903836296318,-16.6071016147665
-4.0367,0,0,0,0,-4.03734297631967,8.3425871775376,-1.17927229016019
-4.61,0,0,0,0,-4.61064893530912,5.25940953889559,10.8868842073187
-8.5737,0,0,0,0,-9.57400751780665,7.59972384995078,11.9268073654935
-3.4424,0,0,0,0,-3.51669522900753,3.38088833278369,-8.14824546595682
-6.2613,0,0,0,0,8.59904087353541,-4.36079130171025,-13.2448011462299
-2.4545,0,0,0,0,4.90333208060124,-0.45731296984582,6.13778164397941
-5.7366,0,0,0,0,9.33151866107792,-3.73945023544558,-16.9424216875169
-4.2513,0,0,0,0,5.82830293927302,-2.69232041419484,3.4039755690165
4.3354,1,0,0,0,-6.33326587633275,-8.46162115507989,-13.8534893387718
-5.2271,0,0,0,0,6.53751980341932,-3.98086514733382,-4.64462039977382
1.0178,1,0,0,0,3.01497894461815,6.3474104807897,10.6506487747989
0.5187,1,0,0,0,-2.5164888483583,-6.2027504439506,5.86007020873524
2.3444,1,0,0,0,-9.92789390985311,-4.34224189300777,5.54402379004546
-1.8415,0,0,0,0,1.8414915920729,-3.49421590628492,19.5580500488691
-6.0898,0,0,0,0,-7.53528307444254,4.717539727327,-13.7353191956198
-1.3071,0,0,0,0,-1.30705177150606,6.64486436205476,-5.60361754180705
-3.1363,0,0,0,0,-8.47523904905134,1.13851091481587,-9.04279103110896
-5.6552,0,0,0,0,-7.35890641380619,3.99309697937622,-0.563803699286719
4.3478,1,0,0,0,-6.34567498372593,-7.97570923620687,-11.93662691019
1.5264,1,0,0,0,-7.3050797852402,-3.52421692004473,18.0218019238534
-0.6426,0,0,0,0,0.642611212316686,-5.0462858013062,-2.50894987308452
-1.0433,0,0,0,0,3.38175566339471,0.953914219057575,4.36217977266872
-4.3833,0,0,0,0,7.26269520504055,-2.38608100356329,9.95822461908604
4.8682,1,0,0,0,-6.86606404884207,-8.83752364210057,-6.411721517197
-4.3881,0,0,0,0,6.34352830448676,-2.44904660463666,18.9041972870688
-2.1064,0,0,0,0,2.10637181301955,-3.2352766890189,17.119348891663
5.0169,1,0,0,0,7.96849388602564,7.01412921426884,-9.72832331727613
-4.2895,0,0,0,0,-4.29008998216996,5.59893820857896,8.05580912977671
-0.1498,0,0,0,0,-0.149764474696578,9.35335496958465,-0.953540226773942
-2.1856,0,0,0,0,9.89811034304849,-0.188427563044227,0.138135859719704
-3.7984,0,0,0,0,5.37545751838062,-2.23831035858227,-1.86962961851368
-6.2519,0,0,0,0,-7.34292063699258,5.17012656491151,2.609477363434
0.9755,1,0,0,0,2.9727319822837,5.96116126248153,-11.1820702847318
5.1606,1,0,0,0,7.15781542127515,8.09457838274689,-8.31920459828079
-3.844,0,0,0,0,4.51739516295804,-3.21108391257391,-9.0927509258343
-4.9098,0,0,0,0,-6.59450820206876,3.28036451622863,1.43406630334419
-5.5768,0,0,0,0,6.58218836438464,-4.6527583870686,-12.953768775088
-0.4405,0,0,0,0,-1.37627267185626,-0.486899244030077,11.408836316278
5.3891,1,0,0,0,-7.3869680528401,-8.97288534639396,5.1002590788534
5.2783,1,0,0,0,-9.41824896298604,-7.27610780710137,7.78222394758381
0,1,0,0,0,0.313579149084637,0.851648406295446,12.3393403587893
-1.9599,0,0,0,0,5.87372059379724,0.0373417407607253,-8.93471768527188
-7.6061,0,0,0,0,-7.60670117794091,7.73195520315519,18.8115596444849
0.7654,1,0,0,0,8.85052625756398,2.76256265024722,-16.3763939183454
4.3532,1,0,0,0,-8.5058377020238,-6.35098127598421,-18.7324935199237
-4.4987,0,0,0,0,4.49872616091744,-7.11682380107123,5.43707266432105
-0.6721,0,0,0,0,5.79695117369631,1.32506253217976,-4.90344304446107
-5.1242,0,0,0,0,6.43172231023066,-3.90238340986992,-7.22507609852673
-1.9225,0,0,0,0,5.69959782765861,0.0747287411455115,-9.56013072265735
-4.6495,0,0,0,0,4.64951048313165,-6.74100069962791,16.8430088840888
3.5577,1,0,0,0,-5.5555307466957,-8.32782565303993,-17.0519378503136
3.3938,1,0,0,0,5.39103315324097,6.35354053388686,9.61702141122
3.1678,1,0,0,0,5.16497574355924,9.22389960221077,-1.34300151601753
-3.5458,0,0,0,0,5.73992976001658,-1.54863832645588,17.7491983371838
-9.39803721670154,0,0,0,0,-9.97371204023512,9.62535814309313,2.8077672923381
-2.1073,0,0,0,0,-3.07058891183061,1.15006106218135,-8.00861189993702
-5.06,0,0,0,0,-6.81854354948525,3.3051257174519,7.36811133099405
-4.4373,0,0,0,0,5.84818724696582,-3.02751124680212,-9.9970106658773
1.1021,1,0,0,0,-3.09993229412276,-3.42734814268997,17.0994213156847
-4.6726,0,0,0,0,5.12144864907407,-4.23522733150631,4.24719504594392
3.3234,1,0,0,0,5.32058728474376,6.92304688549677,16.0792476751581
-1.9141,0,0,0,0,1.91414295157756,-8.62927710767864,-11.2782650022355
-3.7128,0,0,0,0,7.38816983075042,-1.71564291701349,6.44836608005274
-5.23155064537247,0,0,0,0,5.66969680644291,-5.04227984754244,2.1770115541223
3.4105,1,0,0,0,-5.40829209728839,-9.86174472059265,10.6655758893854
0.1401,1,0,0,0,-9.56333500971184,-2.13793130788622,-9.89839376971335
-4.5664,0,0,0,0,-5.91566157211648,3.24558934433219,16.5896832011978
-6.8853,0,0,0,0,-9.86194904513221,4.92846400724299,11.9868317667869
6.1588,1,0,0,0,8.1559788214201,9.4914787077058,-15.2054603547111
0,1,0,0,0,0.379395268337227,6.43949623376371,5.48091194971705
6.9413,1,0,0,0,9.07820753799214,8.93852746453702,18.6642098132794
-0.7485,0,0,0,0,-8.65311623056097,-1.2493041267975,-7.1664022875793
5.3105,1,0,0,0,-7.3189588319912,-7.30829699548599,12.2379064127479
0,1,0,0,0,0.495285287897902,8.88513941162876,19.5336030655489
0,1,0,0,0,-1.80211640305757,-2.57624245715045,-10.9258363021989
0,1,0,0,0,-1.07938082352295,-4.67557124865681,-1.63614424130164
0,1,0,0,0,-1.34189343762463,-4.80753131417584,-14.6514196653533
-0.8557,0,0,0,0,-1.61543162818251,0.137210224850824,-7.02701779999601
-2.3834,0,0,0,0,3.69377600839403,-1.13812977946664,-2.57347680649886
3.8633,1,0,0,0,5.86047031123352,6.31112739368223,10.0845061483813
-1.9718,0,0,0,0,5.7851188264256,0.0253490616888357,2.20727690788492
-2.615,0,0,0,0,2.61499476768893,-8.04021670307379,-10.1729527225244
-2.3145,0,0,0,0,2.31450284579238,-3.90080084785966,10.6787041100511
2.6576,1,0,0,0,-4.65541815265822,-9.20987391496742,-8.13752889868052
0,1,0,0,0,1.12729950187383,9.38148942176117,7.56498844536718
-0.8166,0,0,0,0,4.35762796775185,1.18058239139872,1.33416831214636
-4.1352,0,0,0,0,7.51448005129259,-2.13802814550994,-1.67732247996328
-5.4878,0,0,0,0,-5.83509590053422,5.14546325967638,1.86768112714006
-2.8516,0,0,0,0,-2.85223614064512,4.01995579390474,-15.6311001324538
-3.9439,0,0,0,0,-9.86778468071595,1.94604159602706,6.36704266487478
0,1,0,0,0,1.60012861103758,8.19903220246014,5.44024608447022
-0.5112,0,0,0,0,0.511225024707736,-4.80753839779002,-17.9531653057222
-4.639,0,0,0,0,4.63900258319959,-6.71417218163084,-8.78411977241827
-2.8657,0,0,0,0,-4.81145104045081,0.941919193530939,1.65073869943876
3.7651,1,0,0,0,5.76226368097985,7.39211110630061,11.5016212063685
-7.7086,0,0,0,0,9.38855711791491,-6.39063780622897,17.2239585127032
3.1893,1,0,0,0,-9.0969624791903,-5.18708229424125,-19.645798796056
1.4347,1,0,0,0,3.43187068625747,8.09626460034724,2.89665246446639
-2.0452,0,0,0,0,-6.89077419342057,0.0473486745405616,2.70931513091897
1.5182,1,0,0,0,-6.23456448520266,-3.51607073065921,8.64149371355243
-1.0586,0,0,0,0,1.05857417142433,-7.15436520365485,-4.78545762349331
-1.7998,0,0,0,0,-2.06861509577917,1.5348339138821,-19.2239398915552
0,1,0,0,0,1.55160122538889,8.64392185617098,-15.7250887904446
2.6458,1,0,0,0,4.64299517468704,9.41045573912211,4.35542154788703
-4.1663,0,0,0,0,4.39331224357838,-3.94495348540436,-1.63910423685924
0.2951,1,0,0,0,-9.03942773635272,-2.2929578964959,-5.53134479007444
-4.2477,0,0,0,0,-4.24831889501372,6.3342547178191,-1.97887620525867
3.8063,1,0,0,0,6.13265040726485,5.80345870048669,-8.68168507253689
6.636,1,0,0,0,-8.63381522749913,-8.90138543555209,5.5009055735999
-1.5143,0,0,0,0,-1.514288375658,8.11062696137204,-3.30716465492616
-2.7978,0,0,0,0,-6.91883344966275,0.79998527540722,17.4836547184123
-2.6488,0,0,0,0,3.2191012983029,-2.1068511687237,-9.64037831364132
4.961,1,0,0,0,6.95824319941089,8.90112149879811,-4.92000650867539
4.3705,1,0,0,0,-8.65439630913288,-6.36836462648206,3.02990460862278
2.1732,1,0,0,0,-6.28229936803029,-4.17103288097467,-1.53343572261335
1.0626,1,0,0,0,-3.06045117977096,-3.63668566920433,-1.60341681550217
3.2843,1,0,0,0,-5.2821015980695,-9.44495924820968,6.33813823824092
-6.4096,0,0,0,0,-6.82392874553225,6.05325201090591,-3.65680912661094
-3.4515,0,0,0,0,-3.45216242238901,4.92029457135968,9.8540768138048
4.5231,1,0,0,0,-6.52090071778872,-7.64910396354177,-13.0384990245957
0.551,1,0,0,0,2.5481832797419,6.83780511101205,0.40331419406181
-5.4669,0,0,0,0,-6.68472512181211,4.28610564859059,16.2814918523164
-5.6286,0,0,0,0,-5.62924517770823,7.4192289581592,-11.5265622553645
4.7361,1,0,0,0,6.7332988055554,7.18603378352831,0.935098918961451
-0.4527,0,0,0,0,-0.452744114703201,7.79766265420183,-17.3969519833054
0,1,0,0,0,0.18912250314904,2.41595894211575,9.34269759310865
3.4022,1,0,0,0,-5.4000753823174,-9.56256248601766,-14.4404444120104
3.393,1,0,0,0,5.39014893818309,9.39530361816309,-4.52822335887083
-5.4693,0,0,0,0,9.86855579594063,-3.4721306463864,-14.5135585524721
-1.7578,0,0,0,0,-2.30492739969332,1.25271665038466,5.35341707118862
-0.8321,0,0,0,0,0.832127698102374,-3.70013151126647,-13.6269310639336
4.9498,1,0,0,0,-6.94767532789192,-7.26098452765504,8.39212465438795
0,1,0,0,0,-0.702710678525939,-7.73457633340213,8.03515409193629
-6.2224,0,0,0,0,-6.40027725036903,6.07336160859014,0.55824419206019
-0.9688,0,0,0,0,0.968767235578262,-5.84310481099559,11.3835549838424
0,1,0,0,0,0.529792654409666,1.42046727114737,-3.11836965042081
-4.4231,0,0,0,0,4.42312619835425,-8.53723377657561,3.79447673074563
-3.0212,0,0,0,0,7.23954728953948,-1.0239787884142,6.10309561828041
-3.0311,0,0,0,0,-3.93053762810604,2.14879901905684,-8.84390760266187
3.9262,1,0,0,0,5.99124680392316,5.92338235862145,18.1634761357059
-0.1164,0,0,0,0,-1.11323669335314,-0.862343746938867,3.99268553161941
-6.3969,0,0,0,0,6.85243662941238,-9.37599094096453,-12.5091943353518
6.8747,1,0,0,0,8.87188798703997,8.95844277515386,-1.88062435187412
4.2195,1,0,0,0,6.21665102314514,8.57758401420191,6.90869123954113
-0.1117,0,0,0,0,-2.5533544072035,-1.88608618037302,-2.44704312831943
-2.1095,0,0,0,0,3.57298401406295,-0.698593425128154,18.13056672505
0.9082,1,0,0,0,-2.90604035727933,-3.21958276297369,15.8344018686963
0,1,0,0,0,0.908685165169043,4.98567434662939,-15.0049120344853
0,1,0,0,0,-0.935303637569929,-8.50501123088467,6.53362454373354
2.0758,1,0,0,0,4.07303283856136,8.37901136616507,6.40287633603813
1.8049,1,0,0,0,3.80209838563271,7.07447219623145,-1.28393109262806
-0.8304,0,0,0,0,-0.830426361614307,6.1220837489834,12.9906894492511
4.1934,1,0,0,0,-6.19127793624207,-9.48653583363454,-17.727401580179
4.5738,1,0,0,0,-7.14128839414161,-6.57162524891101,5.03379125322596
-1.4445,0,0,0,0,-9.40969584552191,-0.553354695024353,7.13771081468906
3.2809,1,0,0,0,-7.70422061669483,-5.2787215200737,-8.43677591395066
1.528,1,0,0,0,-6.54487411403686,-3.525877545672,12.0444039596716
-4.0067,0,0,0,0,-4.00732601566113,5.51251446295769,2.11083322274784
0,1,0,0,0,1.0938344325436,4.6129457328398,10.9449928995905
-7.5614,0,0,0,0,8.01694209253787,-7.23665687289335,11.7630726554209
4.2139,1,0,0,0,-6.21173251555875,-9.42051234969137,-14.9045123009301
5.3275,1,0,0,0,-7.32528627413967,-7.43378080592961,17.4103917211022
-4.5348,0,0,0,0,-4.53539889688482,8.85358511977126,5.5260200588666
-4.6557,0,0,0,0,7.45061641762553,-2.65853523602192,-10.5519238003038
-2.9108,0,0,0,0,-6.25363523773523,0.9129852985412,-9.7953417979847
1.8857,1,0,0,0,-3.88352784384076,-9.68902762932335,3.49952375316116
4.9998,1,0,0,0,9.25116621810336,6.99695348381591,-19.6823881166084
-2.6805,0,0,0,0,2.68051078282153,-2.81417729653861,-15.4376153888461
-0.8164,0,0,0,0,0.816358527772334,-1.67157233511971,0.683939896355636
-7.2669,0,0,0,0,7.72245752744534,-7.01208183451291,-2.61293909353596
0.3816,1,0,0,0,-8.81922383514948,-2.37939886109145,8.89477873513832
-5.3416,0,0,0,0,-8.09761542120031,3.34380794882641,-8.14397782509934
-1.9713,0,0,0,0,1.97125528079845,-6.9629602039585,-2.54491573273916
3.4217,1,0,0,0,-9.74635398949833,-5.41954106414025,-9.45281385808089
-0.2277,0,0,0,0,0.227704641201637,-5.69830223776291,-6.15560836415826
-3.3111,0,0,0,0,4.95634182256199,-1.72761093629443,-17.7698975380273
-0.8389,0,0,0,0,-2.19943717279879,-0.510321189671554,13.012828659087
-3.9265,0,0,0,0,-3.92712857725777,6.43580278638088,2.62719053167437
2.8019,1,0,0,0,-8.91236766267301,-4.79971638465011,3.56414204809063
0,1,0,0,0,-0.40532769123095,-6.02698766031034,-10.4394935100687
0.349,1,0,0,0,5.60386958463033,2.34619838318201,-14.2348480156955
-3.1086,0,0,0,0,4.32264040341751,-1.96987142702205,-1.50458529648774
-3.0301,0,0,0,0,4.14564013010841,-1.97578907886104,-19.4245839772374
-3.8192,0,0,0,0,-8.50719116833546,1.82136349893021,-2.15993918902989
-8.0769,0,0,0,0,8.5324120496748,-8.1021328842647,-4.98324865413388
-0.92,0,0,0,0,0.919977280535768,-7.76643251970462,16.1785293764843
0.6683,1,0,0,0,2.66553997201356,8.10823286973495,5.22211757986223
1.6726,1,0,0,0,-9.71543446254949,-3.67044426465835,-15.5251704665464
-2.5893,0,0,0,0,2.58926262083451,-8.78581104204961,6.95979688151352
0,1,0,0,0,-0.451218268270219,-3.88908394802045,0.653319290676599
2.1434,1,0,0,0,4.1405649971522,6.2722196660674,-7.36766639965002
1.1026,1,0,0,0,-3.773956375405,-3.10046257788921,6.65219572377999
3.2384,1,0,0,0,7.22143259718668,5.23558508510859,15.0335030658004
-6.9692,0,0,0,0,7.4247099476069,-6.54419193889381,14.0089592891649
3.4069,1,0,0,0,9.19176752587205,5.40413978276518,15.0006140255067
-4.9337,0,0,0,0,-8.65173047263349,2.93584431891944,-7.03613638286574
0.8097,1,0,0,0,2.80693824969172,7.59502061876833,-5.05449297907124
-5.13238392113033,0,0,0,0,5.33475115187642,-6.63826682696543,0.788987343747841
0.5519,1,0,0,0,2.54911218685842,4.27827371598859,-7.74415578622044
-4.7256,0,0,0,0,-4.72625781147394,8.32007014649407,4.60137055015739
